{
  "id": "b97ccb20-29bd-11e6-8829-d59d39f3c3c4",
  "name": "liquibaseVersion",
  "friendlyName": "Liquibase version",
  "description": "Get installed Liquibase version",
  "author": "sedatifpcdeboiron",
  "helpMarkDown": "Replace with markdown to show in help",
  "category": "Utility",
  "visibility": [
    "Build",
    "Release"
  ],
  "demands": [],
  "version": {
    "Major": "0",
    "Minor": "1",
    "Patch": "0"
  },
  "minimumAgentVersion": "1.95.0",
  "instanceNameFormat": "liquibaseVersion $(message)",
  "inputs": [
    {
      "name": "cwd",
      "type": "filePath",
      "label": "Working Directory",
      "defaultValue": "",
      "required": false,
      "helpMarkDown": "Current working directory when liquibaseVersion is run."
    },
    {
      "name": "msg",
      "type": "string",
      "label": "Message",
      "defaultValue": "Hello World",
      "required": true,
      "helpMarkDown": "Message to echo out"
    }
  ],
  "execution": {
    "Node": {
      "target": "getVersion.js",
      "argumentFormat": ""
    },
    "PowerShell3": {
      "target": "getVersion.ps1"
    }
  }
}